"ID","F1","F2"
1,-0.710406563699301,-0.0450277248089203
2,0.25688370915653,-0.784904469457076
3,-0.246691878462374,-1.66794193658814
4,-0.347542599397733,-0.380226520287762
5,-0.951618567265016,0.918996609060766
