"ID","T1","T2"
1,-1.42305712956734,-0.206356159991049
2,-0.583374109853549,-0.183142588704389
3,1.0203725300625,1.42712751437914
4,-0.393841897282922,1.93713713542
5,-0.0815326566760316,-1.08049999216467
