"ID","T1","T2"
1,-0.626453810742332,-0.820468384118015
2,0.183643324222082,0.487429052428485
3,-0.835628612410047,0.738324705129217
4,1.59528080213779,0.575781351653492
5,0.329507771815361,-0.305388387156356
