"ID","T1","T2"
1,0.172454643394807,-1.84696192888893
2,-1.1230857092951,-0.710705386546302
3,-0.198871946054345,-0.445259709642626
4,-1.79854657479576,-0.962087979961452
5,1.4772575152199,-0.446885875645234
