"ID","T1","T2"
1,-0.826788953733443,1.6235488834436
2,-1.5123996512628,0.112038082869763
3,0.935363189801085,-0.133997013062555
4,0.176488610562459,-1.91008746772221
5,0.243685464746205,-0.279237241584845
