"ID","T1","T2"
1,0.935363189801085,-0.133997013062555
2,0.176488610562459,-1.91008746772221
3,0.243685464746205,-0.279237241584845
4,1.6235488834436,-0.31344597825789
5,0.112038082869763,1.06730787876151
