"index","trait","values","flag","transf","transf_val"
1,"T1",-0.626453810742332,"Normal","",NA
1,"T1",0.183643324222082,"Normal","",NA
1,"T1",-0.835628612410047,"Normal","",NA
1,"T1",1.59528080213779,"Normal","",NA
1,"T1",0.329507771815361,"Normal","",NA
2,"T2",-0.820468384118015,"Normal","",NA
2,"T2",0.487429052428485,"Normal","",NA
2,"T2",0.738324705129217,"Normal","",NA
2,"T2",0.575781351653492,"Normal","",NA
2,"T2",-0.305388387156356,"Normal","",NA
