"ID","P1","F1","F2"
1,"one",-0.664104924340678,0.723994957501843
2,"two",0.626309769641683,0.613836938544227
3,"three",-0.507248206037352,-0.617869202181957
4,"four",0.27036133490622,0.220724902069619
5,"five",0.467476864775884,1.12792659821215
