"ID","P1","T1","T2"
1,"one",-1.1346301818428,0.59047865366269
2,"two",0.764557098985494,-1.41306996358893
3,"three",0.57071013812077,1.61034155096049
4,"four",-1.35169392873999,1.84044254689097
5,"five",-2.02988546892015,1.36829790968081
