"ID","P1","F1","F2"
1,"one",-0.839683481632544,-0.484411316865176
2,"two",0.446130279147461,-1.01114049610383
3,"three",-0.365416700997548,0.119124186659965
4,"four",0.539179850720689,-1.69523312247267
5,"five",-0.808576870400653,0.17180830011942
