"ID","P1","T1","T2"
1,"one",1.88850492923455,-1.5123996512628
2,"two",-0.0974451044082059,0.935363189801085
3,"three",-0.935847353500678,0.176488610562459
4,"four",-0.0159503112505377,0.243685464746205
5,"five",-0.826788953733443,1.6235488834436
1,"one",1.88850492923455,-1.5123996512628
2,"two",-0.0974451044082059,0.935363189801085
