"ID","F1","F2"
1,0.468154420450533,-0.0974451044082059
2,0.362951255864986,-0.935847353500678
3,-1.30454354503478,-0.0159503112505377
4,0.737776321255047,-0.826788953733443
5,1.88850492923455,-1.5123996512628
