"ID","T1","T2"
1,-1.40004351672175,1.14841160602606
2,0.25531705484526,-1.82181766097663
3,-2.43726361121953,-0.247325302073524
4,-0.00557128674616073,-0.244199606778383
5,0.621552721415214,-0.282705448814465
