"index","trait","values","flag","transf","transf_val"
1,"T1",0.118194874409683,"Normal","",NA
1,"T1",-1.9117204910282,"Normal","",NA
1,"T1",0.862086481838568,"Normal","",NA
1,"T1",-0.243236739633475,"Normal","",NA
1,"T1",-0.206087194781581,"Normal","",NA
2,"T2",0.0191775922091463,"Normal","",NA
2,"T2",0.0295607543197664,"Normal","",NA
2,"T2",0.549827541801689,"Normal","",NA
2,"T2",-2.27411485689294,"Normal","",NA
2,"T2",2.68255718355635,"Normal","",NA
