"ID","P1","F1"
1,"one",0.206098709130853
2,"two",NA
3,"three",NA
4,"four",0.567494277313853
5,"five",-1.46018697071985
