"ID","T1","T2"
1,0.118194874409683,0.0191775922091463
2,-1.9117204910282,0.0295607543197664
3,0.862086481838568,0.549827541801689
4,-0.243236739633475,-2.27411485689294
5,-0.206087194781581,2.68255718355635
