"index","trait","values","flag","transf","transf_val"
1,"T1",0.54299634266114,"Normal","",NA
1,"T1",-0.914074827259928,"Normal","",NA
1,"T1",0.468154420450533,"Normal","",NA
1,"T1",0.362951255864986,"Normal","",NA
1,"T1",-1.30454354503478,"Normal","",NA
2,"T2",0.737776321255047,"Normal","",NA
2,"T2",1.88850492923455,"Normal","",NA
2,"T2",-0.0974451044082059,"Normal","",NA
2,"T2",-0.935847353500678,"Normal","",NA
2,"T2",-0.0159503112505377,"Normal","",NA
