"ID","T1","T2"
1,0.512426949851805,-0.914074827259928
2,-1.86301149206833,0.468154420450533
3,-0.522012514745454,0.362951255864986
4,-0.0526019099538795,-1.30454354503478
5,0.54299634266114,0.737776321255047
