"ID","T1","T2"
1,0.54299634266114,0.737776321255047
2,-0.914074827259928,1.88850492923455
3,0.468154420450533,-0.0974451044082059
4,0.362951255864986,-0.935847353500678
5,-1.30454354503478,-0.0159503112505377
