"ID","T1","T2"
1,-0.560475646552213,1.71506498688328
2,-0.23017748948328,0.460916205989202
3,1.55870831414912,-1.26506123460653
4,0.070508391424576,-0.686852851893526
5,0.129287735160946,-0.445661970099958
